voltage,frequency,thd,rocof,power_factor,q_factor,power_mismatch,phase_jump,impedance,label
248.02857225639664,50.92797576724562,7.190609389379256,0.812037280884873,0.7389986300840506,2.49816047538945,0.05580836121681995,13.661761457749352,140.16725176148134,1
210.8233797718321,51.879639408647975,8.827098485602953,0.9246782213565523,0.7454562418017752,3.832290311184182,0.06834045098534339,8.042422429595376,128.71346474483568,1
221.64916560792167,50.447411578889515,3.9764570245642927,1.0842892970704363,0.7915904608234229,2.727780074568463,0.09560699842170359,12.851759613930136,79.95106732375396,1
233.6965827544817,48.18580165087999,7.252813963310069,0.8410482473745831,0.7162628982463198,3.0569377536544464,0.14488855372533332,14.656320330745594,171.25960221746917,1
213.90688456025535,50.73693210604863,6.081067456177209,0.7440764696895577,0.8237942275278175,2.2184550766934827,0.05343885211152184,14.093204020787821,88.81699724000254,1
222.46844304357643,50.08027208471124,6.826971955402957,0.8697089110510541,0.9423961569411397,3.650089137415928,0.12751328233611145,14.394989415641891,184.22410256414733,1
246.87496940092467,48.353970008207675,4.371880036934016,0.5904545778210761,0.7813325826908161,3.3915999152443406,0.0888677289689482,7.713490317738959,174.3106263727894,1
221.23738038749522,50.17078433263299,3.9864695748233387,2.1043939615080793,0.7186376609199426,2.427013306774357,0.14868869366005172,12.722447692966574,79.80735223012586,1
242.61845713819338,50.827429375390466,8.10305017628691,2.0425406933718913,0.7185111629335226,1.0220884684944096,0.08584657285442726,6.158690595251297,179.46551388133904,1
223.23592099410598,48.25423340114409,5.176876252009635,1.150366644053494,0.8824015445845159,3.4931925073102317,0.1137557471355213,13.872127425763265,120.83223877429239,1
238.52979148891978,51.04314019446759,6.9289403829864735,2.041934359909122,0.8234488990910976,1.4783769837532068,0.1022732829381994,9.275410183585496,53.81286901161428,1
211.25716742746937,50.54564164505512,5.200491867534287,1.5171413823294055,0.9268916184815232,1.4315657079732178,0.07492922291488749,9.103829230356297,163.3326707814573,1
213.07919639315173,49.15900581165507,4.1285490107780305,2.359395304685146,0.9020300948911042,1.9151926619664899,0.11334037565104234,13.714605901877178,170.55081153486717,1
245.70235993959912,50.157368967662606,8.652081086148439,2.2921825998469867,0.7795008687429659,1.7462802355441434,0.06100519245276768,7.279351625419417,114.06616829393845,1
244.42922333025373,48.027808522124765,6.57523111804296,1.334822006297558,0.7555269526176825,4.272059063689973,0.061986536733368285,8.37615171403628,191.43645558687788,1
230.75162486973466,50.812075835580714,5.545407216655057,2.4435641654419213,0.9406118237355278,2.292811728083021,0.07517822958253642,9.972485058923855,95.13174647251546,1
211.47547789418132,50.43825733591959,6.51875316260203,0.6029575024999787,0.7696616160591528,2.1393619775098704,0.14082658859666536,7.395618906669724,71.73423081368347,1
249.42601816442402,48.968221086046,7.70494883184115,2.023239230657435,0.7594093859980999,2.957811041110252,0.12282163486118595,8.677831327192532,144.84587458903692,1
231.43098736299035,48.36115908021763,8.847117469124665,1.1415601299434717,0.7466296275999635,3.534118843043579,0.054077514155476396,10.908929431882418,151.63465427634236,1
230.48372233197125,48.90598310079175,7.516209532866149,0.8487328580099829,0.8727344345256165,1.0663513157114246,0.08867353463005374,14.367299887367345,70.62814162189899,1
214.53894084962357,51.69877447311425,9.141375473666868,1.0158832554303112,0.8649960115085447,2.364265404201034,0.13172222002012157,10.552008115994624,129.44758675340097,1
213.72411071223596,51.588863031813304,9.302926400143313,1.7662029145465359,0.7847574477621752,1.9674091636018067,0.08492095746126609,12.259556788702394,184.56653899288656,1
241.19502183430495,50.568126584617154,3.588979754965342,0.8232574281892275,0.9246385471317697,4.548345697060469,0.110642905965959,5.091970516166296,65.22073142990482,1
210.20246335384874,48.643232205669996,6.841136525566103,1.8837903953853865,0.8629903148756501,3.6540070764322232,0.07242693094605598,12.12179221347536,85.58736312452001,1
239.85965620472098,50.598531596188856,8.944563873459245,1.8152257846006867,0.8420771508338678,2.301598792637071,0.05936747678280925,8.677158030594335,89.78035515225882,1
248.92042219009784,49.57239089866704,9.244325886239793,1.7622772519945258,0.8987028258854121,1.9759585735163343,0.1002637093105192,10.76903884626359,123.87765407282959,1
238.89808461046022,49.12308944976343,3.170211765020177,1.7909445918143356,0.7442776698517621,1.780971951192178,0.14404585843529144,14.539285770025874,187.22965853306727,1
210.61826466115468,51.7132742503509,5.997289038221201,2.433309638087339,0.9409049942723131,2.4806348010217776,0.135300945546736,7.944488920695857,107.76465929028879,1
222.6768802062511,48.67797098674437,6.897608837208451,2.372309548321562,0.8740074491687432,4.404546686067428,0.1070061170089365,5.971764937707685,142.25108400487545,1
215.60336060946096,50.073318609454944,9.141611503495689,1.9815372355084089,0.874253935248817,4.960215400417053,0.12024840839871093,8.594911512197552,94.03877663967401,1
242.40453578716722,51.46828927432041,9.392683867895299,1.5226847977218756,0.8253790736717999,4.2374446219140545,0.12982951789667752,11.499639307777652,155.2950315886555,1
245.60021367270264,49.35198062740614,5.629080668479608,0.687963879681738,0.8445700352490435,4.183170677744404,0.05359422737967421,9.655980181324601,131.39669520613649,1
233.63333042276042,48.122000999756196,3.261437321244501,2.1452011213193165,0.7900476603528157,2.1461650085131376,0.06270605126518848,10.222432600548043,165.49903296479164,1
234.91561903276002,48.341389859975074,3.3617720481802538,1.562709263136296,0.8351587804025266,1.8632841099873727,0.11374299014982066,12.260913337226615,196.37781191938018,1
222.91825891764984,51.180744779074814,4.895825758834519,1.3779428414112722,0.7196140953355664,3.0652013932047812,0.05253507434154575,14.626484146779251,175.39701807683088,1
226.3581177765708,48.693177280283386,4.095059298697603,1.0004857963291907,0.83730666617653,3.783896824374792,0.12145959227000623,11.601973767177313,91.99008454189143,1
239.51587666783075,50.217416210045606,7.282045223640465,1.3392001248555798,0.7619327473752893,4.819461122652776,0.08559726786512616,12.57846110464369,52.15902329446338,1
211.84010568087012,48.16291520927588,8.98822408807705,1.9073157187600474,0.8185434572718313,1.464290562027665,0.05978341606510015,9.916158751168323,121.02076561708485,1
227.35406596951893,49.594018937589496,7.310950686365516,1.7701873017352876,0.711326002443011,1.6928074796400607,0.08746126146264713,11.258599157142363,125.47043878701315,1
236.3477452647578,48.65173770832572,3.493981231803009,1.7848385564126312,0.7066278276354054,4.4259593647532895,0.10857755812734632,14.402302414249576,136.32112668138183,1
235.73152873769413,49.83301156196607,6.819317525211544,2.3829296175530503,0.7965256594501935,2.5526797048260876,0.14611905638239142,14.053506419560637,79.36867021839447,1
214.03112005509706,48.0728873026062,3.6611007252914987,1.8660135468327137,0.7177971621150572,1.2774452035006618,0.08189756302937613,13.448753109694545,53.49079036037388,1
221.274190990936,48.47265931048663,7.877160157549055,1.757885693559768,0.9193680033817632,4.257873930355743,0.12350710438038857,13.034809303848485,92.30518588569598,1
240.02459006563433,51.22733895706906,9.933535994004714,1.325235353822853,0.7930045214481958,1.7097581751188913,0.12764129607419966,8.408035402530178,189.6135988405347,1
227.15976109500073,51.00348427116599,8.281800118592777,0.7062477376718652,0.9256382266698916,4.433651007372047,0.10052523724478571,13.264574661077416,98.00744015459176,1
225.56806714936653,48.04335060592119,9.337673834934845,0.6825733535722671,0.7798284093976037,4.582092913984802,0.14500619670508047,14.506071469375561,136.0156832184929,1
227.9378208791328,49.172843086792255,5.3006518175894115,1.8450369121540768,0.88809363235942,3.527348848679197,0.12915790437258484,12.896181427945539,63.680915457303556,1
212.30235040066577,50.198115529294945,6.090713509613639,2.2754083655165998,0.7877287531380196,2.977681218810326,0.06170670164276059,6.429916820528359,164.22659475762083,1
214.0449070449116,48.33642722445999,7.90678392021384,0.645526012728387,0.905465014822589,3.4728722532650442,0.12062422271564961,5.813487806418998,62.72565711277879,1
224.9708318302448,49.48256858826756,8.68959697080252,2.394497154767717,0.9465002659557177,4.946558314004702,0.12533781852589415,8.762595855309158,62.52510750480032,1
232.3361699894322,49.69688803698791,9.344480695663151,0.7223949646123027,0.8231562760727147,4.108587663709747,0.05113536447674191,9.686606419941263,58.4454913522756,1
214.7010498710842,50.596841208464255,8.222314154857962,1.6667375301943193,0.9405431371186355,1.4752716650722877,0.08748705795237041,7.857120862818608,180.28986922841904,1
248.52890157762445,48.04861789875927,9.789151786953473,0.5863198239011522,0.9227857784245177,1.8943833540778106,0.10277011090862997,14.929647961193004,61.06948471030983,1
248.77210142476395,50.092391376680595,7.405790466946838,1.8914973779692343,0.8136352661919433,3.215417137605283,0.11275580800840634,10.843143119231001,185.17370157364834,1
221.2385275836892,51.80164593630624,9.231846487236414,1.4113135055714259,0.8550331494503841,1.1817855213658315,0.07773811829811327,6.881211597237613,119.55476074099732,1
233.34624447403488,48.31093854785994,9.820763653663166,2.4724214889592058,0.8745404285049363,2.4134089121042113,0.10360963663441203,8.095276162863279,172.0692529560423,1
216.50467757379565,51.64370873797537,8.757760700462182,2.399599826583848,0.88142987709709,3.738924690215517,0.11134151959357899,9.182430362906189,189.909272503102,1
211.80874680424756,48.10546789798901,5.635243568146347,2.121106661563666,0.9468190323287361,4.464255558001634,0.06504168911035282,10.94130715352135,107.13362849465324,1
243.68475692542836,51.35331481884455,6.280852118564792,1.3296390046753304,0.7683517679826766,4.879657591258413,0.05563754966509271,13.647223762550531,171.93515136951163,1
249.86547348295622,50.22172682241051,8.382911906263573,2.3895314597648563,0.9124118476693528,4.998870693144522,0.07473481017431977,9.505441353100935,69.37391227272425,1
234.2469853780352,48.91457122201385,7.701904790840997,1.7362564809157917,0.78954067950821,4.8162041090348895,0.061355759219962905,11.715731955927996,128.046155135569,1
230.80654004447973,51.40872600127416,6.863347871421398,1.6218759430707725,0.9191634006645862,4.089273566942557,0.0903482866212397,6.3401522845064076,54.31740144700085,1
234.8123820541386,50.816319072396894,4.490749130562375,0.7727429511735395,0.7036361664169705,4.0205490226944764,0.0850587558806597,10.89917686854633,108.83660676495984,1
246.16634777974994,49.3930218680932,6.5979264241186755,2.067306025482286,0.7991356955803175,2.7498996880949163,0.11220867002278734,13.623637087467452,192.42809354864633,1
247.06350500645976,49.968465172318155,4.807710718092709,1.4182715124765226,0.9450081438213692,1.5882939237161517,0.09926180939928696,8.287516102875081,145.01012814750885,1
213.03453312434655,48.5155188876426,3.896320872704407,0.8038053870245887,0.7347067931623525,1.9605824751127723,0.11408747448032146,6.818800843991449,101.85009249857947,1
228.9584656105149,50.67023095408411,4.206239098411409,0.8845780376173416,0.7102171540666197,4.587153639624047,0.06689350630721645,7.785903390319586,76.55157264151202,1
214.82543484402404,49.8431150721309,4.444336028840548,1.228539722096151,0.8258543177137142,1.3548101350282225,0.11903948286293653,5.393121398410989,169.9115598363564,1
213.27036127795486,51.49431449642711,9.446106803722692,0.6221559197097275,0.7692194120368009,3.511601557963631,0.1306201279793061,12.482596903836583,77.6781529034566,1
224.81888411165528,49.93809194076408,7.327783400712072,1.2378272791395448,0.815633679033287,1.8373972933468412,0.12474709381337565,5.3668320289059785,87.86554165160311,1
245.80827350748797,50.04670976846266,6.7247943968572095,0.7143440226795521,0.8118530917058636,3.8533983435382098,0.10326172664550232,7.424705036347296,90.38648464240714,1
210.80284791110904,49.28831666233271,4.480136048975813,1.1549947043558293,0.7299405329548128,2.5091366524184906,0.1390527280739895,10.935924535540487,151.86534787167344,1
229.9376879571623,48.34768115234969,6.759745792729834,1.6736822360417583,0.8863598685460825,4.156684954429354,0.09316595462296794,6.275803027955638,92.56638586980867,1
235.83668965326405,50.283113218675645,5.492677081284924,2.4730304975859596,0.8514437048392217,2.4523291855945404,0.07372267917359945,6.017824726204037,72.9288708776498,1
216.42725493038222,48.74626809620522,4.995666180856929,0.8467471905895096,0.9241913561566062,1.9838309135380325,0.05802337456616422,10.245113895702547,111.55952404844922,1
214.4815560867221,49.59142239618296,9.786293032927581,2.2310142517879603,0.9042680177373199,4.929514467634426,0.07579028270449398,6.708875873900658,150.29648298866465,1
232.2705157205572,50.2864507578796,4.959853655621989,2.038985866383874,0.7467609371393809,4.717503956510344,0.08236792364042436,9.254364386164168,126.14155680266825,1
214.59347298956814,50.44248016976653,5.02041387268179,1.6624764428452246,0.7385906788185506,1.969638929660321,0.09811401018548174,10.325894325515858,57.77353052336404,1
215.37658707755898,48.253499881891074,9.929721626729616,1.144707689949446,0.9024686114636586,2.3464171127756823,0.07546406547637638,11.815027222239292,164.034178983453,1
228.86304754200634,49.64736365658907,5.442077865800967,2.3590582884956515,0.9076548519469323,3.382554962431377,0.14650269106665126,6.242972234855447,159.63012128054663,1
217.2493226466264,48.265985069467106,8.187844545030414,1.6489462263598238,0.9104571941895679,4.753361827284151,0.06397723766262894,12.952673118598902,80.24409800716168,1
216.57063191723972,51.25829888092553,7.656380544873401,1.5461308495382386,0.7897076210308756,1.654623771462818,0.13772005408131083,8.924451074226354,172.48991592073656,1
225.0777771769963,49.85071914267843,5.109645119148995,1.9952187603525022,0.8256800975231198,2.7565396342808737,0.07322126951468173,13.995745732745684,107.58368320598171,1
246.25888443858187,50.49695198365597,3.8182862849585484,2.37966424722695,0.8569270132678544,3.1742114444559544,0.08349056146570862,6.392720726633873,169.1037783905444,1
231.33844367905286,51.57557033220383,8.520180478571715,0.8033497594655024,0.777930516948887,3.480291023714054,0.07484891398144658,12.439462925726769,55.02986521036691,1
240.49834742962761,51.507062547047,5.394572241011352,2.1425146093440257,0.7276579342388018,3.279558739485266,0.1346452291734518,6.274886623319825,109.59309358405508,1
215.99669709395096,48.917005580930564,8.055767978751465,1.9400730730921487,0.8602869082213243,4.1891814631182145,0.11939484444671,10.427244433475963,87.76985883604291,1
217.26390867205703,51.633802245334515,7.0837425633628435,1.3017028335272798,0.8155014509110331,2.3827839740156778,0.1447283339611815,6.533514031160802,137.9344748025196,1
234.4581694173859,48.072440735283365,9.10486736260906,2.364236564967225,0.8412832958973022,3.023554715537864,0.11966508238768922,14.224993811772958,156.08579514700978,1
233.05153440667252,50.426860185531424,5.968914699116702,1.9728884712494457,0.9335917536922537,1.6101561716570454,0.14255685129067763,9.508393714041322,66.98570687611328,1
243.55592345783737,48.49865072481307,9.445893178321606,2.2397927241242566,0.829709514281518,4.939364795849338,0.10912754357449292,8.990027038701303,58.2142458233047,1
242.11413794392047,48.018528092018414,5.334494201838009,1.2963373871818866,0.8343489007344806,2.3407889665836037,0.14198556164127604,8.463459943659613,102.04298028443415,1
228.08871763559227,48.89841929175993,6.167076612928854,0.7817140407595997,0.7440967466265558,3.9500049924389935,0.09983677727394796,9.189254495045478,187.226885160215,1
233.22353401112173,50.529057151678124,3.0916611961183356,1.8270747440334212,0.7445089917174378,2.4495755964665324,0.1461070317469455,6.486627277531129,112.19361855905356,1
249.8749700738379,50.00878004132497,7.167695121240307,0.634152954776855,0.8874901175997945,1.3413986723145754,0.07099055930955858,13.980542894407137,80.77094607230107,1
211.4619867139238,49.888267780439996,6.953887932838315,0.6314172788567047,0.8938819041737526,1.7627508826546663,0.09532888347480276,10.2439026932758,116.11441204073422,1
232.3856132523287,48.62096098372285,4.273496913466898,2.2235712420270346,0.9365288655334081,2.603052243501304,0.0873309316279753,7.707446731435538,146.59993148585238,1
211.0154542264138,48.62461038946476,8.011805601931783,1.8178478838203027,0.7067739981258708,2.6349366843923856,0.07219721619329494,7.310747965880714,150.78391153980925,1
214.16434327938296,51.199664341492756,4.249812634380335,1.8054922157037494,0.7595456952616816,1.0788421510174566,0.05994413927593452,7.431721909994541,158.34003977834885,1
243.20879458267967,49.588734118473816,7.676595955994523,0.9099685908316419,0.7732869325652533,4.422785872425143,0.13963358185211197,5.13001923510736,62.82627962817021,1
211.0612881549528,48.72574174035919,7.081290926787846,1.342849101184996,0.9231679277692437,1.8315450205841093,0.13174435617384408,8.41817351697876,88.91351501469387,1
233.61179770059232,49.07225456329151,7.369042354943938,1.3188233043824809,0.8380117952129951,2.5187696326690676,0.09361265291353166,7.9446575954191765,192.2679960443235,1
215.6045270306581,51.47387190359165,6.4120183877465955,2.289104453788183,0.8999638139868288,4.054423176639043,0.09252135044692333,5.224693083201174,90.3016039077419,1
235.3391287930459,49.03155074173281,3.975492518509769,2.1698604735985985,0.9461005451758879,3.1665368586434677,0.10256901823026858,6.716792858483035,90.84609897790534,1
246.57195226241996,48.471004331560565,7.035615328599775,1.048110441374412,0.8385445006289483,1.073562706189867,0.11514203883518642,13.297418037072017,80.96319076409048,1
215.4754252027523,51.60007456739242,9.117230542937607,1.6948262043406166,0.8501292151084133,1.043983314633922,0.11650366745462555,6.753712786234496,187.16179188874398,1
225.3255411299799,50.075670821131354,3.3287617674253855,0.8325667375121588,0.8845084041065926,2.6750820995682925,0.05827986679251265,11.031521094663882,86.80236645219814,1
221.547749470828,49.4226908658598,8.033321336289719,1.09424343124635,0.8416011600742243,2.557182456167906,0.09760504021990996,11.636711653626481,190.5244608987137,1
218.59761514363026,48.12473254024514,4.8358483100987755,1.6901558614005097,0.7128564533710625,3.930288388841001,0.09963662472012363,10.968428489168893,100.13658362254412,1
214.26393012535087,48.30055112694323,8.097321293425225,1.490982632412397,0.8721005991069339,4.083648814983288,0.09348273386037462,7.464020332391068,172.86534765112995,1
237.7878588341771,49.08858054891985,7.13161466808361,1.2219477938800536,0.7228955183316585,4.197663515875917,0.1417313575462243,6.368186309189614,192.53560307312037,1
217.4053171535448,50.167603789513436,9.110620851134858,1.9644497728191224,0.9016402869653624,2.784023091831823,0.11587833667107174,11.922765645178526,177.37934773479788,1
229.57699854572562,48.88483776727841,9.913676055976529,2.3881186793732265,0.7098567028421264,1.9986720354367438,0.12055751725156884,14.252483174156659,77.08630176910003,1
246.61953190352168,48.13578391434319,7.881941870727879,1.0946980147451015,0.9310990488441325,3.271780922210518,0.14710582451653675,14.442664891134338,121.13213249861957,1
243.7819759414028,49.27640189297302,8.802408319054742,0.5740152694309852,0.8490674696205132,4.448170603957253,0.07300088372877031,6.205668857772788,61.542980244381376,1
223.59499855072264,50.899067086115046,3.4574943855925966,1.1305806756612207,0.8348728230938343,3.785155103512559,0.12907231648389633,8.1875250293207,143.88370646555137,1
234.6345275272922,48.93183789901453,3.170805470895766,2.2401977478018598,0.7053173527125968,4.543910992944749,0.13747016726841993,10.289371340272119,190.86015477693442,1
249.9173644213335,49.40284726180684,8.370318022517889,1.3038618272184843,0.8199689050759772,4.195132943094661,0.11275054632183701,13.736771141863388,197.61252037989428,1
226.71067128669335,49.68542800910828,8.16307611112224,0.9775542915366047,0.7276185282828487,4.073093655458073,0.08546221576407766,7.8723899165408175,94.44621806839851,1
211.68372758545448,48.071495738933656,9.914056728152222,1.3555462674717247,0.7960816617899203,1.9344310041996398,0.11796472826930698,7.182538878650641,192.4941775925338,1
213.57644009249037,49.670323103139715,9.153828152935153,2.3894640445828204,0.8168503778124674,4.145380057662209,0.11134113892107077,6.6703394609207525,198.6752939205465,1
247.70927096540504,50.59858659596947,7.254157564152014,1.5253770220330172,0.7576674529294396,1.9266868055337736,0.06765280320055082,7.204862090701754,77.96573932163818,1
224.0050103666692,48.231370706253585,9.78371841098568,2.2675717699268514,0.9319380707988032,4.118337894267013,0.14949078226464352,6.738952492194873,109.4363028353988,1
237.8408247221517,48.61558362535942,8.710831874934325,0.9488811436733213,0.7559544037056557,4.032953902816365,0.10369744228934136,10.929399348417032,137.01293117567167,1
245.0984345052152,49.06240017035483,3.906604448979629,2.2774961597379546,0.9389128745574383,1.3659473495910195,0.13621276172654506,13.09516074724878,148.28629709585326,1
213.4794703964564,49.633812852282794,5.608819619086198,1.0195075675206524,0.8808550284221461,3.2034294824365572,0.09958757350787709,5.810462159076479,83.0274802924717,1
213.045234379612,51.404827656195074,6.466025689097821,1.461173154653296,0.8481019461648793,3.7330350546383837,0.1324680965925149,8.47809207902193,151.70242288385953,1
220.68113080677685,51.51451994542063,8.581982151248496,1.816903669316851,0.9126454322735604,3.2629278559831643,0.13672942009598021,12.083629767150349,175.55199925455082,1
237.20563087041202,50.47444551286074,8.269016476903488,0.8172102105861474,0.9202176897997321,3.7898858466771346,0.13718435277452318,5.2924728303455915,173.8725125847144,1
223.40475417036566,50.974033025166435,4.1253192723381575,2.1359340482381244,0.9080335444894354,1.5154794698937808,0.10074677337608362,5.063858717168336,93.05571997623692,1
249.24744712109694,50.52725410806667,4.818625067449119,1.7680114061992227,0.8349963449289638,3.467707673502969,0.12798453951511435,6.069806388269584,164.1541853753042,1
248.51968015435978,49.36748866415474,7.4283532519376365,2.364056211020035,0.7256274319976698,3.165066314704441,0.1437228487236451,11.878857223008133,60.175558865775784,1
238.32688354581126,48.269402405875084,7.075193221233913,1.1917661139059135,0.8552288794418692,2.203854267787265,0.05457420338125129,13.715368061523762,196.02334537660954,1
239.986073269717,48.52034496052253,8.307842371503158,0.549173832917603,0.7055308878822493,4.875511421142766,0.08236102191495412,9.886431904046658,165.56111267116898,1
227.83610825506995,49.094506665126666,9.979871501103979,1.352362604471946,0.8128467560824189,3.7331815064260208,0.06636238211916692,12.948095487499295,154.0523338672233,1
213.2952418246337,50.72199720829885,7.5815784999679465,1.0465190539964186,0.9377158905626025,1.8830784511550416,0.06510578917809003,9.32334801042602,191.54238802513984,1
235.54103790656342,49.59037759185118,4.91950641644069,2.4679552959196567,0.8023335015787607,2.6789092677044892,0.13940992036791344,7.299546058910861,81.9657056037625,1
236.0666730150354,49.474105374895046,9.05050774887746,1.4464198133831143,0.9420483569786804,1.1245363315380454,0.06855255157031212,13.686231679556109,166.48952791876127,1
243.7913291246755,51.044095963771994,7.383542251419907,0.7624897553647751,0.7081315448728129,4.083687378576208,0.14208478478156866,11.16650314520738,169.48059364642643,1
214.69232755849578,48.5007431688102,7.798957010602799,1.3606117897989254,0.7501311816750842,2.9260894060502003,0.0991594546741437,5.642089370751341,137.2957102871598,1
241.90236402548751,49.241447835694295,6.186541043572609,0.5232410798162013,0.7181117219486397,2.0759736177403907,0.08924935564066848,9.799388347171234,140.00308221789555,1
237.7992754450617,51.44048958875682,8.45895692225345,0.5792376506967143,0.8201267368144571,2.166650314837213,0.06049301784181749,7.4204501586252745,197.99938899007196,1
229.95552613805424,50.472622937272476,7.917254793808728,1.6192973669738282,0.7024427118547959,1.569982171606053,0.08264613082439919,10.177116433847115,63.179974871725,1
211.32812435165465,48.314313988620086,5.778462933411173,0.7654315080861207,0.8418852120653895,2.402507724836723,0.11894649691372657,13.005866991090828,80.02253663672151,1
214.18271361337602,50.545720998174545,7.945330085408308,0.5631722896512841,0.9340530615609224,1.669930329036279,0.055197128365147244,10.412963353010705,156.35907791763748,1
238.5634772852971,51.20691233227917,5.3761513477996425,2.1296502274930242,0.7200287115961688,4.483876494984342,0.13948166560605274,10.475923761537363,172.59466549437406,1
235.743107807861,50.105610643744456,8.121126652287323,0.6632599640611792,0.7150880209976409,2.8092731380732006,0.07471032340101465,6.595446801131883,180.76753498883025,1
249.03461023276526,49.34758316708443,4.274825409820895,2.0793970142849583,0.864676943875219,1.8768559494321773,0.0998195716453139,10.553635509376313,157.88026674083957,1
249.85335664226966,51.89917264858713,7.552279804428558,0.8990849018582903,0.8700570606078228,1.913818965325195,0.05721984089791759,5.306525022058061,88.65243327668205,1
244.73090021633521,50.90867627906523,8.198945648399867,1.3509866688961507,0.7864837481367407,2.850491826957265,0.08710387629846027,14.876495637360579,56.01637871187237,1
233.14701634289574,49.75446167675836,8.076803622905956,1.4733378828494057,0.9183558095204151,4.468125984489794,0.14007018640112584,9.217209268734553,91.52416958525774,1
246.49453382466766,48.84264875602267,7.3607660849443795,1.763120440185041,0.8832782556038202,3.369401314373449,0.06315676851272597,12.158249646820884,186.35487809984616,1
219.5017329969551,51.88558037616656,4.266838668966429,2.2087701867391583,0.8230694641120087,1.7187324354809679,0.07472310744031771,13.707499012725114,116.79578825039982,1
224.36933477599064,50.37180340573971,4.14466710809516,1.2821630733035214,0.9423530805838218,3.0592694157187608,0.07581334327011276,11.567366645412921,98.77850963370423,1
215.234946428734,51.87928418031418,6.176526789685475,0.9721009266929279,0.7183741868325031,4.093892502746403,0.06697579050875407,10.197739485560177,100.55047646469293,1
227.23550094647223,48.99485709035052,7.32001490622821,1.9135544337708916,0.7417604769752374,4.315533463530437,0.06676192162883177,5.3667142693354295,160.46030225984606,1
228.98523502999257,51.37668179587679,8.639691070650372,1.6707087287935043,0.9170678201283147,3.6552181104872203,0.07058412100367682,6.119196193977279,90.46244172754845,1
231.24678112004128,51.746422769179844,3.2754047846795675,0.7442198280200536,0.8130497570708588,1.2283474243572594,0.14338750175279047,8.161561049767505,126.08522130325886,1
215.93372803848357,51.946520491835386,9.755830875052318,0.5098799618688192,0.9379529463558097,1.1662914362015684,0.11391199378155004,13.679182945200221,118.21097834507887,1
229.5538632102768,50.667457030184416,3.9775587832941905,0.5599471797453559,0.7769824853977977,3.062384114317001,0.12046807627366467,7.018534521229483,151.0148649987376,1
213.75602863157673,50.69040847290051,6.106251535131998,2.236284508755011,0.7442874473618464,4.879648184429081,0.11926259522261645,13.381152896481103,191.69213292110348,1
229.8869905603371,50.47138896080486,9.082334891351028,1.6412194932776594,0.7075967649242092,3.7329921131585833,0.14309486955069778,11.895267510315612,151.47700786658697,1
236.3554188093063,49.57545762261663,7.558630839290444,0.7131860606159814,0.864461326150759,1.8627006095908687,0.14994137257706663,5.48212038860556,196.5761276331976,1
244.83013801349037,51.129541936233096,6.969113826906675,1.976898418502653,0.9196288903253369,2.6276318428914824,0.0904140321651033,8.270331615632387,150.13900783453772,1
240.49140539106463,51.191254595434536,6.049083203690531,2.1356684323500432,0.7300522638426521,4.231383767765035,0.10444890979608495,5.057586604981216,98.68787448504054,1
225.8469076643702,50.78186882675945,5.71990670889242,1.3973872452450613,0.7593860327185818,2.4658461394855915,0.087325179162934,7.2726962726315145,60.97938856526655,1
236.72851194220064,50.47796138403846,6.244458306604006,1.2595715603584596,0.9158334123929562,3.4137943735255116,0.1019081785136218,9.79181877629731,53.84630987096536,1
225.2078247514343,49.5952911235876,7.061206584591326,1.567205093453757,0.8519762731983611,2.3649913105046254,0.12648832615421282,13.129857387160936,157.71846143397414,1
210.72930330705447,48.78311194273419,3.052940124846995,1.794949428309206,0.9245076372374967,4.822094783819739,0.07434822965762992,14.270345447963066,59.04010854343413,1
224.06490748958538,48.405683313796864,6.401102314304279,1.0135531354410159,0.7712182254904807,4.737744107222057,0.08072899649262866,13.030258978326634,130.87419150128818,1
234.41335133243672,50.864602696892774,4.9083680051347365,1.327098203050703,0.7304715233342368,2.2452307966240146,0.06811493495346803,11.811178539649827,77.21575215434405,1
238.3618504688973,48.427507692378974,6.971185537402325,1.0131255674027275,0.9407317188093949,3.1006535346682407,0.09835456467199247,13.059925497751582,132.53398132343926,1
235.3260550237609,51.80561336882663,7.211282741024318,2.1383777188535804,0.9210516158371019,1.1736501314192767,0.07280797719489325,7.1204483990822665,141.64714832764878,1
243.5944521146688,51.600092493592044,5.473949655119027,0.9737411179489641,0.8951313788109654,2.644113879226819,0.0774806035548136,13.226143185136785,113.56073804731443,1
213.82141255338672,50.49543729870629,6.162373751160604,1.6732169263509482,0.7420035519362158,3.670199597165882,0.1236873744944182,13.627970775432285,82.51097001361634,1
210.94554344185346,50.56788600177306,7.249658252621465,1.59339482542814,0.7579867740289938,1.382858222080647,0.08909059959055146,10.94476335186173,124.5150288288754,1
215.45759010226934,50.78057821619038,5.830231376730045,1.3563992298512295,0.8793994414145441,4.951142080859549,0.11924361513243696,14.912559937021882,69.25914341811878,1
238.97355268514966,50.313547668025635,4.919124665918641,0.6588387379779732,0.7214145623991076,1.4164385975366653,0.13941908746641182,6.918673247187429,98.50573431732812,1
224.19985223327748,48.277695370984375,6.633418536357892,0.6352251271844298,0.9000891269555904,1.906625608907952,0.0733712081910433,10.400119146045107,182.01186313421874,1
231.3183114620534,49.2973350124615,5.331013391407385,1.8389739103963803,0.9485348403052918,3.6035094761887767,0.11618391898493786,10.57783417370025,159.5975765358869,1
212.40569370403142,50.24918726351164,9.703376991537661,0.8506058847153193,0.8725012227051664,2.8608224491348726,0.07009336886590564,10.358276844730813,64.50146744700794,1
240.24653315580986,49.390286096955926,7.654382071410526,2.0908999215794584,0.9317944548698631,2.8014837450327406,0.07346420818554536,8.993159158093082,72.86240199956262,1
247.0800387169718,50.159828521122236,8.89423306063495,1.5419159545440844,0.8558964220006899,4.969934008633501,0.05891244321160166,12.55270420496808,69.15702254528523,1
241.28112350681545,50.8349787909719,3.253122663673335,1.1062567118906572,0.7657781424777107,4.304270521010114,0.08601364074715191,5.876427467638385,190.54367345465943,1
222.22097242632094,49.587926068297136,6.13041778353385,1.7011886667212346,0.8289198569241244,3.215208962849505,0.14193919732144172,9.969634829058302,198.8237022234969,1
218.34042057429343,51.72238085857566,3.814564785198333,2.134899416982383,0.7951558233691449,4.405699830980383,0.13779743204450695,13.680566901074503,170.88881001764315,1
222.18716556392164,48.323677132205006,5.82086125135613,0.8470490299730173,0.8737377722256154,4.1601217452282455,0.08460997265377855,14.756102008599148,146.1458116017998,1
215.30098690967392,51.44805792909049,9.45930033359376,1.4741238376378718,0.8515632344377443,4.289922254537444,0.12648098009029954,6.748386272604126,125.38491146951637,1
215.85495968648996,49.47013768916612,3.4772061656984548,0.551623813898974,0.7337915722887056,2.5946521110892524,0.14631151115891738,10.49529535895017,194.873324172983,1
222.47264532341038,50.02456745136098,6.076581820430371,0.7113293685234878,0.8602065786725515,2.729991513320528,0.07160381825095996,11.195879548978295,147.53016385972302,1
212.45398508442673,51.12304634427376,6.218602966385241,0.6163275910109516,0.9487165792924417,1.6080994125145924,0.055778056099636666,11.950352288585531,197.55183878951203,1
215.68997474748784,48.485539757689715,5.122926032973169,0.7020916220212934,0.873040335423533,1.9567204168637025,0.05622917981300627,10.094221281497898,199.50452807794653,1
234.60877752924043,49.225014483146445,7.367270854041469,1.5540829278233033,0.8065208459725928,4.255881078024075,0.06307103767401995,13.866042152404667,117.46769732319838,1
224.71037403509158,49.65651901011571,8.79276526896812,1.967228761122804,0.8923262234103349,1.7784900472830603,0.05110312644286472,9.161539981797615,122.20162274529855,1
220.39252834980138,51.04115929248854,3.9597679401029935,1.5706202629051833,0.7538004680043093,1.0767691072922267,0.05121207746438933,7.412014575995415,196.38106323650806,1
248.38306577284135,49.95141617570545,3.7681533907425244,1.595918977947386,0.8135943336399902,4.206148447531959,0.1344357082739616,5.980825807842446,123.23617055326673,1
222.9870370756024,50.9494283095512,6.332126905581365,1.2517765702915387,0.7986190696425088,1.600194658775937,0.09594467684059865,12.850165438370569,183.81270334103516,1
241.4761354502118,49.26162758299205,7.816942942605795,1.3752062481107838,0.7636676555115127,4.821338746015713,0.13408715794259224,5.38426348962325,185.26429882031354,1
235.48805907233123,50.63741568882313,9.265824184945755,1.7733393643344146,0.8534833961900155,2.8459098584989366,0.056665204056069,10.18408021945204,72.52535012255625,1
230.48887683250697,50.72091111683341,3.2917103042166898,0.6695840320916064,0.8790808470156706,3.9497350748859423,0.05720843359986734,5.712567277652586,51.816271285233114,1
239.50033437836026,49.41300563400826,5.075749069013586,1.199406459491699,0.8936633827952954,4.82600559319792,0.11613706110704143,6.851955678674679,76.11640030011264,1
236.41210878805353,51.05749064888694,4.855324998275028,0.5418899220618256,0.7205429168691068,1.3935825988535893,0.14678600348450305,7.954447774774202,165.38347217572004,1
225.27758558611583,48.82274904878222,3.849704927115845,1.7300259360777333,0.8936584451594469,3.498654275417055,0.11439042535411306,10.303021332491582,56.29268351474544,1
241.94856766618298,49.17128814680386,9.859792305511954,1.7037631792726442,0.8456056645518115,4.873955110377535,0.1248073179429532,13.117697880901375,148.4717910997254,1
223.53070023977995,51.712334561304196,4.572309282906963,1.2443340476750266,0.8080192207360489,1.5123829854648,0.09394049896944522,11.129395824945256,191.46137566170614,1
214.86005505203673,48.78988195943975,9.208474301464886,1.791621625310412,0.77147669730979,1.9627708473300198,0.13159469389686174,13.61369996363436,176.9771508035417,1
220.08964080693445,51.020167714985114,6.22377648091898,2.183997105780123,0.8821226692904033,4.675706134558218,0.12764474464997244,11.561618376810715,76.61431542045602,1
249.38678958098032,51.74955226598848,3.3022161505790817,0.8296296314588743,0.7329321933636405,3.1801076755877533,0.12259799099852954,13.17785329856945,82.02670494660079,1
243.628121120448,50.931206179065,6.795660438442938,1.6806953809175458,0.82709013672907,3.023410771807316,0.07975484513188205,10.650219928590161,153.3327953075136,1
235.45165415916992,51.04448614817263,4.120501444682011,1.4231149488395798,0.7023329049567733,4.49329166344323,0.0746678864521623,12.264617151130048,198.77149270240452,1
226.05977263445152,51.20028387479664,4.428249442402292,1.6101698986045725,0.8832678240074187,1.3967123983488636,0.1115985450260179,6.880247346154161,103.3076853028609,1
232.16906056528066,48.02091845417165,8.326935320196657,0.5706227098804781,0.886433445682808,4.135167137941589,0.07024805601652374,14.580734801193802,105.19111269531267,1
215.95552201329778,49.22241686196086,9.136555332797403,2.4926686752544946,0.792077382626712,2.3077264653523164,0.09486106309545425,12.220709382027371,182.92936706976118,1
225.66102792711317,49.6504873633945,7.869327025477648,0.5064365272085574,0.8548973343649602,3.3721773367471366,0.08554930104413574,12.941973312770843,63.94859597346982,1
229.23891559544495,50.56930210362091,3.4539751613807783,1.6599675748562626,0.8403711469898809,3.352809067793562,0.10606600944161709,11.034876665964548,151.47019058395432,1
220.79282880512858,51.30019764072025,6.487789775844176,0.6541165582686623,0.7146377323109947,4.219955998723079,0.08342383186960609,12.848969771114675,156.15214021113735,1
230.69076225766437,49.760795991821965,4.032167686943987,1.156385507218623,0.8085048415434688,4.154459858689625,0.058860042967961726,7.206119527112112,139.73379410956082,1
249.933900455718,51.73245332537423,7.497956396746341,1.342496106588144,0.8590443411770581,3.9426524569567594,0.1285651618080232,6.183361909233874,111.48573345444323,1
225.35331807732177,50.28748908490875,7.114385526035387,0.8689525062672787,0.790558860413072,4.359209142542468,0.08345112887419322,5.261967085320648,53.62876458370329,1
220.9228323989125,50.07231506495526,5.091079015121411,2.381358490230681,0.7648241897164434,4.326788174703093,0.09296568127389351,13.727302504846019,176.29003501877128,1
242.1057323918284,49.83274754695157,6.380782104597486,0.7669599448318876,0.7201503784392811,1.7444056713851093,0.12279393069737651,9.964611523552998,115.52760539227694,1
240.6205159596444,48.63563267067742,7.271576046343489,0.7707081645553711,0.8878437715072613,3.918032914609587,0.11569551562671394,14.56614621083458,60.34370245346318,1
221.287482987728,49.046822734943625,4.7288515935039985,2.3125091610420734,0.7623865499623765,1.2282188846050173,0.0771949726128631,12.593982624179638,117.460976367581,1
212.6146463025754,49.950284774693536,3.2352952012829785,0.625306406910709,0.9266093633361027,4.106842227820724,0.06392453711175952,10.32420682275217,111.66434039010599,1
245.99333382749091,48.08729358710196,7.646527803229124,2.426788868427101,0.8400420458654605,2.3893733050353707,0.14368224620330916,5.522578792860237,112.81899786112422,1
239.23283859922918,51.92518836198899,4.795710437109735,1.808349202948149,0.749524408189935,2.0406311638482046,0.10653302545716098,9.639324866883362,195.80079944473056,1
223.98025488347275,48.45638313955173,4.058727801144542,0.9506338599024702,0.7627416653350745,3.4341090907858662,0.13506160578411378,10.612227882825248,128.50863670615496,1
244.4055877339774,50.891257212833935,3.473678533300011,1.9156701944595373,0.8358845543356614,1.4590754874768699,0.05817253457467783,9.583006415286565,122.70444306950705,1
247.8279258800113,51.39990148592265,7.683156361303758,1.4245911220012144,0.8029413853961271,1.663098160653103,0.11509734671509542,10.454318694069055,59.340965882282845,1
242.25614468931357,49.836959510387835,3.363696042879879,2.072556398768066,0.7503409455339936,3.0500105950813268,0.07586208348880388,6.6470635343229585,99.53225973072463,1
230.7754343801575,48.81952509660285,9.144810547064285,2.259163709903058,0.9176446062615017,4.02700602275454,0.07387962113815393,9.51239344180988,197.74844842113126,1
211.0866968490224,48.26081836504197,6.247519637686329,2.3184404117231203,0.8346754494881785,4.088049905239961,0.09978125080342902,6.054736999566305,148.51701570864412,1
225.21680030030248,51.10244740370131,9.75133657730568,0.9075329182553782,0.8308324077986853,4.2884126424009015,0.07871379580845755,12.928544190338393,136.63900488217362,1
241.91656638463576,49.58388189064982,9.405630478849304,1.56605773449228,0.739488705708837,3.538329670201215,0.11958991181688024,12.932613504382545,97.514251560129,1
246.24573019063064,49.10761794951124,9.884650309006554,0.7814230560975168,0.7505039171006225,4.428717027995011,0.06842248392380261,13.939897100078705,148.14388284874428,1
227.61293673473395,50.461192100279206,3.584248594925683,2.2648327368146774,0.9009008838603838,1.6084171328890915,0.10052067735766382,14.671266152591704,112.66414689126495,1
236.7167999521451,50.538685093015765,4.161684267070495,2.263855516609288,0.8068724219801537,4.936441276145992,0.06622334057824794,5.12607519975759,133.9633525457574,1
238.77414489476635,51.56103221207121,3.5558460925012065,1.9629929806807247,0.7468529860243955,3.1095984884907053,0.1358177053157164,13.19063513861656,131.11906324783166,1
222.57400452734993,49.884671595731255,8.751458283973301,1.4185303943464278,0.7894495663313604,3.840971194493246,0.09942124472502999,13.282492524372184,100.28120710563091,1
238.48056081323122,51.303912850832326,3.704462349664733,0.9797482255118894,0.7354929974402484,1.6950463725429752,0.08479414115821667,9.503509789054126,162.32395054449597,1
234.83714269913725,49.409499786438616,8.89013287159332,1.4425743347963291,0.9447762345037886,3.6045903395266965,0.11341421382957369,6.262647415645027,151.4266343113151,1
237.4530878674439,48.27856459264962,4.224170060231716,2.2114745178115727,0.7567948892558787,2.300416061726796,0.13370411252429398,7.792760884544104,146.43228650880616,1
230.5061901258021,49.221242706786924,4.488510634597673,0.5663787091248524,0.775986600310181,3.776602294039324,0.1153162790531283,14.383048184484826,180.6806723394578,1
241.53789373013194,50.65993961390398,4.822008002962021,2.3143900614116597,0.8676830779764585,4.06425910614121,0.10604406309804398,6.1098946921348105,117.05833157096382,1
244.5825443809068,50.18659288075116,5.662803842792868,2.453600657021319,0.7276801483315789,2.841433084807705,0.09225484283119445,5.420246751714053,160.98561811503956,1
221.2014931820196,51.433366707196484,5.0455276132332845,2.3215403232878304,0.8884904758991959,4.672306208796602,0.13049067768414385,5.1800655560045445,194.4215535611039,1
222.19004381544534,51.31757865943539,4.970648388904509,2.245507679132256,0.7281450976029842,3.906683968281293,0.12036859774607957,10.406984766449103,64.48017052931613,1
210.4961614510926,49.875071861858025,5.108856825320003,1.6967149685955176,0.7743094519271543,1.967575313035356,0.07999191115069847,12.431931987316034,57.22142539675302,1
244.09055497564725,50.67121873290563,7.15255099075169,2.2846049962793042,0.7463325448821786,4.611579980767949,0.05789691621908286,7.395101699095381,169.18674180502853,1
233.3122734033396,51.98175006476524,8.989872656862776,1.542891378087179,0.7159102273216605,1.1386810669059333,0.13313735143857097,10.989785081772105,67.23994955893502,1
238.19253638873184,50.16920026293808,3.4878603979502665,0.2636936700846802,0.9571772352048322,1.1877145696467124,0.025872317587752065,1.2912822309629706,12.923664694777983,0
235.47759311460314,50.10192343101513,3.6775698698645383,0.13301400431375632,0.9607089578718754,1.8691919217174235,0.031565377654599436,1.7750914869189764,22.56584432713791,0
230.24727555091582,49.604224802808346,2.1535339829344378,0.1463001205863793,0.9652224259545472,1.4748669367496126,0.04752655262931018,1.8019531996450677,23.589847904413993,0
232.68208062752663,49.57093221613378,1.7631747425255409,0.1085559279615416,0.9472493355006514,2.0125321189904053,0.002282437275119187,0.42007229265995305,11.920357694782645,0
226.62694014206102,49.98204105811208,1.5882931382151788,0.18323402132273048,0.9280683215515975,2.9430653818021013,0.01034962892192134,1.5497178853379372,5.1376449790105205,0
224.38137618203714,49.53672136250082,1.3240772623920742,0.10165819480162548,0.9802585679579813,1.0153280652984507,0.028602432168465045,1.5380031778692493,12.337220580203041,0
227.94030082474384,49.58709276679577,2.851199548353404,0.034151518042980424,0.9345223142801692,2.863507438865633,0.025370596935890444,2.6226675740555274,17.338664508502966,0
239.8563367799814,49.631489119897985,1.8241945765585585,0.11837282267929392,0.9421828178538831,2.4045175320633287,0.02055105376327729,2.7228330076696645,22.85081611167141,0
226.18745435725563,50.3237903842213,3.8651815344549667,0.24635948476506794,0.9001565105191474,2.2158104281814075,0.03182006850917035,0.15340614432630217,11.440180508343047,0
232.07590905898775,50.186589913492604,1.3434629141977155,0.11515166491349384,0.9456236508955542,1.1190494006955434,0.01845265108804583,0.36307500145557914,15.473694754686885,0
221.4201532906651,49.580180014081904,2.0643138755079526,0.2825177134856775,0.9668572646722914,2.502356095616836,0.03393349783362824,1.085759972513595,19.84151978021346,0
232.72192092819085,50.41328694757624,2.8377204050344575,0.2621095780399035,0.9723973055466094,1.0202623680554868,0.006027920820184513,2.7073599218575253,6.661096108894372,0
222.84274247586916,49.511706610730904,2.266102780382917,0.08851221229624687,0.9486000493797603,2.0679349450955273,0.02885999433672754,0.13121721692684207,8.07508237809364,0
226.86334706345318,50.229173487549446,2.956874945775819,0.25368130889697205,0.9692492826669226,2.1172847929008505,0.02149655386950741,2.018899867183297,11.884529356385464,0
235.77970319841586,49.94641951640158,3.3951410215550575,0.24672671210048353,0.9857562337661284,1.6126269975564254,0.04583176179206037,1.2929556615398887,12.97167045802847,0
227.42344846875255,50.10107416680023,3.116757587931474,0.20652150554764107,0.9374552887020121,2.1643974931882277,0.008343010084937642,1.2915880153866226,8.56485360204772,0
226.91754921475714,49.65445974722332,1.0763432797172525,0.19374671588594528,0.9636902317454743,2.7801940703676165,0.017030208329064583,0.21513566654295302,15.2407223723808,0
233.5424127947002,50.10577924945269,2.09378118459262,0.06536776627649703,0.9988035966155592,1.6224349901267872,0.022700081059805744,2.0648227073407113,8.513824189459019,0
220.5507343973893,50.00545511791045,3.892052221353107,0.11526201389574006,0.9038996012574911,1.9711793993187956,0.0015477895459671766,1.1639602798406083,9.000623411579852,0
235.12427227900355,49.95852300888189,1.8677343159179636,0.2700249549049442,0.9116138960200526,1.0467041926563718,0.047795941447765965,0.9419001521320585,27.21009180771703,0
236.53414719482976,50.48401316321046,1.8652163134562372,0.2883406456222779,0.9389481894902421,2.205885752958923,0.01927559523684612,1.021161312763517,18.53519018368963,0
231.0742297071602,50.04170481241,3.28570543781461,0.25009498858127566,0.9440441350312424,1.3082900863569742,0.015116662467574688,0.7780046919512834,9.865595917621798,0
226.84895957669426,49.77024769213078,3.8992521575992223,0.16731264787501318,0.9347277039030508,1.1152951643980498,0.0290233800496848,0.4175901040370865,16.101093730055073,0
229.77795663584902,49.90177880065433,3.9815451666990946,0.2640944286446781,0.962340595815944,2.2524686428421274,0.02846886805911414,1.8619814394737522,10.032802695560832,0
220.78919065781798,49.97554603748683,2.6290737518729896,0.06832492083096288,0.9964028847165514,1.7902754865286372,0.0454727305468621,2.1664297063677176,18.334665719134065,0
222.61304687646927,50.29050979427488,1.374462441900545,0.2382631987648216,0.9275767568251357,2.73993831929537,0.043854529050909447,2.8321262814761936,8.71989923512789,0
239.6197475632537,49.98340743597315,3.5906425675436355,0.17661945663939596,0.9375329907919602,1.925351210130787,0.01428917777629351,0.6096692732582618,24.04495478444243,0
230.22550924401503,49.992325480001185,2.7318370876993936,0.25967314368736566,0.9980739343583429,1.7730810136460557,0.02037921042869085,2.4825567663189094,24.11319486636794,0
239.12094287223866,49.700474515528406,1.3277926309288643,0.25618859008662664,0.9439149816633748,2.1470579029111465,0.042348442710353026,2.679270615586245,6.561439840476786,0
228.96638110738843,50.01043248900423,2.879777533279631,0.27791478201902603,0.9019116094429764,2.766929525972121,0.023842173415890858,2.063166127291682,23.067673942455713,0
222.68870258816244,49.79939558837168,2.0761465762510403,0.2413311623038515,0.9278759872414554,2.385064863074216,0.010535248193360158,2.8723440571142884,5.221582127836722,0
233.5364259771479,50.32846929944912,1.8838581890385795,0.004294583300117993,0.973786951856153,2.995641711363956,0.04170722985003379,2.221428395860557,8.571257182520965,0
235.37845564215283,50.158540515670055,3.2983477983867586,0.2537764319033196,0.9613604114237458,2.506855844513938,0.004430235698483953,1.4628834290016326,6.941233366790127,0
228.14212978251254,49.56600984414024,2.046461601908438,0.03329942963739445,0.9808235210009222,1.8150860620648617,0.04738440129822354,0.21694942577381582,28.877880182292536,0
225.99131355907747,49.57686207527616,2.5018728042112537,0.2383546633472246,0.9707086477266698,2.04515319867349,0.0025113005731986883,0.21870550610371053,15.071832065815927,0
224.64768646112097,49.781004498908715,3.4104482298906538,0.27876841608955616,0.9405102694527566,1.5905809880958865,0.045305550106624855,0.9644871037436459,16.91092465859479,0
232.80952084351688,50.47898111517481,2.8104792881301357,0.10734422523406466,0.9647817445990529,1.4520579956319994,0.006146033923269379,2.665977240796196,17.577098769495908,0
231.71729576907038,50.1247838627894,1.215327418679539,0.2047851663670207,0.9241931680315529,1.8986994840792841,0.03569763162532949,2.4676043831525902,25.098962688813007,0
230.40339784621503,49.64287596133941,3.3260384512094068,0.08142281413401431,0.9496695422817947,2.1050019348157782,0.014213704646375835,0.4014850889990794,20.738942422293412,0
234.972904682524,49.817586795261114,1.0004040790134558,0.15333874177116893,0.9046851908527603,1.1086640696458077,0.013808477891044973,2.1209294623671484,6.5672405405466465,0
220.07639845317166,49.746823869201904,3.2227121684562143,0.09488104491879203,0.9101892388066014,2.6786769847120047,0.018011695940021395,0.8111798591535766,26.06779755401387,0
235.77864943552015,50.39187214481073,2.3014522587295887,0.2729829431563176,0.9377318053963193,1.6266958351702863,0.04820392082450541,0.2678685735767188,22.175481662581067,0
227.75297610911295,50.1327118787486,3.1115712749029933,0.0013089808950927262,0.9166953088747198,1.9876280809138573,0.03565230253171594,1.9991562407346195,29.15118762821693,0
239.01545415462675,50.202540501534806,1.8941566259183293,0.03160947667525694,0.9781823863344936,2.522075580501566,0.032207461073795796,0.1445580371798887,14.001261647524458,0
230.00802291420402,49.9327291360197,2.373098815477882,0.06266481720154911,0.9368707170864795,2.913599630968572,0.01849066279935883,0.1570650605624172,24.189190712947955,0
236.44359773632846,50.3503480011199,1.6359821640959742,0.19720604465103855,0.9472281804162982,1.833008863807758,0.04400783689607426,0.6472220375293624,21.945330007751107,0
225.90602955143666,49.63660090365117,2.9549192814318297,0.2215792374396992,0.931562734376335,2.2155042445054454,0.032241630201115694,1.1853927228345098,22.83017208206544,0
237.80430005272348,49.78740959646558,2.1033579632684587,0.017427585624104933,0.9111512212321277,1.3984305497881062,0.02579309513561641,0.8027780301839145,25.88700564355486,0
227.58188097343873,49.83734554676909,1.0579828927528032,0.03731051970015307,0.9413642674918635,1.0293867773099077,0.02464322922237233,1.2128692417646074,18.273441960302346,0
220.19847642255672,49.96409515945351,3.890497722662765,0.15570968403886462,0.9677542267458953,2.190263349811363,0.015593192895844162,2.3219741344582876,24.323037046902876,0
239.52027646558426,49.625550214762654,1.050842994668743,0.2310474635271288,0.9807155537364882,2.0425920953082777,0.0060103614560288125,0.7967484988758182,5.438809084165722,0
235.46283747837344,50.01796052771258,2.0442867795048643,0.11152178847189909,0.9001353625715468,1.5866172215611294,0.014990026378261795,1.9393762249137914,29.35486109540893,0
220.4718992929106,50.39856060467484,3.3495952398958777,0.2341128370712941,0.9457995759003571,2.694121653967799,0.01990026464772514,0.9087471864995779,6.642371473859145,0
224.93207269956048,49.9840770697102,3.242333219790082,0.14214294851938397,0.9057844449447161,1.4564707269873982,0.0478894900494102,2.828172957282337,24.62973857871021,0
230.88964665600525,50.46276835025321,1.2268151218502523,0.1097042244784114,0.9225381268006766,2.9826558031284414,0.009791654206713503,0.42240884667802825,20.560341039149918,0
231.5659679884072,49.64696270958821,3.4333713098004126,0.19078641214911854,0.9388165706126995,2.5626437114946103,0.03370651477680315,0.7797149377284985,13.629805212355263,0
225.8100901134284,49.969988268157934,3.670423412188044,0.21231640508025823,0.9062203226164703,2.83497168626398,0.007365152213948518,0.023524772315750453,20.773044755729085,0
222.6854970180455,50.45793412105677,2.5889791718368595,0.07256798823386675,0.9500603571154708,1.8953468508208366,0.033981016636755394,0.22871765392069343,11.8675953761973,0
229.1932974080532,50.0465771420323,2.2984480066284076,0.013169982792901535,0.9165749779820156,2.613930981767987,0.022277081937094545,0.6275563962237835,6.249475716491968,0
239.62385058328232,50.29314287399674,3.561354765114001,0.07259313909511361,0.9960626975513199,2.6872993281036477,0.00984628522267142,2.8542894310854967,29.870482349148777,0
239.62287463583644,50.0695397795671,1.7786253495282711,0.13109876569968626,0.9593560935378787,2.4234456114920975,0.0036540781013507497,1.8670297938517382,29.529445919057363,0
235.85190232576767,50.40789879377962,3.8311047784606624,0.28804068132163413,0.9521459638721472,1.3802152995674553,0.048865395399575184,2.2719306214033166,9.041785905924048,0
234.36662350744007,49.74734031581908,2.921845550646662,0.19998014371398576,0.9162699743808566,1.95380021293594,0.028254265622637817,2.314880732935823,17.47239161339855,0
220.18076938158583,49.85702934397001,3.778582205295346,0.06860303388108263,0.9634363688871688,1.0242062335522149,0.01110379353466603,0.9650099689786459,26.2010522400371,0
221.9079855462642,49.928702020986435,1.0875092909357935,0.1442670439809027,0.9662434011701069,2.4577228845398937,0.0059251311799075786,0.866654816727497,14.945915637553924,0
239.8651003084593,49.544911298995615,3.283023770486176,0.11151721992070297,0.939245818622948,2.8390620493120995,0.03771324866735114,2.755279296436226,28.77321486256371,0
227.14242318601006,50.28754908585878,1.753004149786901,0.16922220865005533,0.9358578461524873,2.1542451720766413,0.032831553685393804,0.7211967386805207,9.789823643370644,0
222.03607365899074,50.00595790773493,1.6625583488890268,0.011678988997700234,0.9036018818291427,2.836478173350874,0.008761088605291368,2.6003110635180007,12.061968599425667,0
231.63244585978387,49.93661418976877,2.740266504008364,0.1550095155678803,0.9758776253757325,2.900918341150591,0.014124803298642614,1.059151174800907,27.352357563331267,0
237.8511645497295,49.91944799395731,3.341096509020645,0.14290071999032963,0.9497539852146102,2.892913026300811,0.010234005452864198,1.7733909097755494,9.653397443833699,0
237.1006040323987,49.707075809210856,1.2134748555202983,0.02070227778384489,0.9940784520503108,1.6631293981343875,0.025346021898091733,1.228236215451055,25.271964525197962,0
226.6438206623121,50.19361805747379,3.3133684475556597,0.19639520605978636,0.91515950748001,2.671651855821032,0.043794154175852855,1.617283658208026,12.061810659250092,0
220.75142180797815,49.62786680122242,3.296640251547583,3.490426609842334e-06,0.9416565828482293,1.8504563708753878,0.026125509054279423,0.16390326000291688,29.326954074308322,0
226.08397439272562,49.80394251225503,1.6912499863520498,0.0004421466258934248,0.9729344794087996,1.4522506624993439,0.04834227498996427,0.6728804498551352,21.57617979508556,0
236.96850758181048,49.922629197013606,1.9087927169212877,0.09758854020690934,0.9712621333098512,2.48379265391743,0.0408389733252818,0.544841903269808,14.27352520394413,0
236.1338703938948,50.48485840276248,3.2627447790462423,0.11795856030837668,0.9590637833994637,2.8038803934983,0.033050712712366016,0.23536744895137185,18.612423977596627,0
223.34642608002122,50.28063171742556,2.751318341542335,0.28566653570927836,0.9042422298206891,2.418641656945219,0.013266306877773349,1.8046616378994722,12.413997805148266,0
235.18010565043863,49.60251596406648,2.5415633926203034,0.15266716667731675,0.9369280770215541,2.428848328142484,0.04664624312848361,2.4825189596196635,22.43023454774092,0
229.23432287626238,50.420994521096574,3.0837862817598563,0.21869431849674492,0.9861690903787346,2.428653271469995,0.013703579467109551,2.421212711600109,9.881015073912302,0
226.71220908539686,50.478525468389144,3.5696116712437806,0.2103509584770779,0.972705676161539,1.6906839044897757,0.028103639720128554,2.8412720013255575,17.40646882205904,0
223.26070673863182,50.28620565226106,3.203331796226774,0.11530651155724046,0.9025193413959229,1.761035419739789,0.041949866385900536,0.0342539503622209,22.592494490726274,0
228.75322656296407,49.734973404995955,3.114613030130145,0.24513844260467554,0.9546430316077847,2.940514219452114,0.04835176376280731,0.1550061649738833,17.619889957613204,0
237.25280942298357,49.67925561190779,3.400010445291044,0.1658121227155636,0.9396553681989963,2.4369078946451,0.006585751428954678,2.5958872767267374,8.931830204492883,0
225.80091063924874,50.371414034190856,3.018108982626694,0.2390044191574117,0.9250467898792499,1.6195757184181985,0.031243704980349948,1.7152379494312462,25.82075941970678,0
220.24313542954775,50.17401991905879,1.155507397359187,0.16465759952320677,0.9287632729043679,2.812174120962521,0.015338829976107062,1.0588755103570697,20.532311226240253,0
234.6539810118056,49.90452738557387,1.205059600929876,0.23512795274523215,0.9285758324592707,1.6680999313375384,0.021638343979963132,2.0563316496657045,13.3114039287178,0
227.47842094025629,50.44444858269431,2.9252031918956747,0.20144374460016207,0.963228215363764,1.1131713122934312,0.00994960694797184,1.2550015923068405,23.773494959082957,0
225.55705552179424,49.776319108465856,2.296056782783518,0.2941106222826555,0.9067502546683822,1.2027457951063183,0.025935049719029754,0.5380940460366314,29.266913635243604,0
228.07202004723183,50.23788498483461,3.1136632840823357,0.12681859106817966,0.9346524167952719,1.2266070094549284,0.01988061892764353,0.7928287894759178,10.133323467669996,0
225.37067512135215,49.78746166489725,2.9702681904236714,0.29056119950996767,0.9603637200559375,1.96607939511778,0.003848973353248314,0.22675084156220093,28.78558052113915,0
221.84133972164952,50.09904458715038,2.870946334870798,0.19455144603560645,0.9267402027857542,1.5945815806146673,0.0007555342107237518,2.895046108363416,11.272326142277562,0
234.1325973975742,50.11000741707949,1.9387221826409446,0.08132887612921973,0.9597668282702703,2.3520525761050948,0.043304781680584575,2.840201186770187,7.647645110093941,0
238.8947251756616,50.236535228334795,3.648981474489319,0.060789790240602944,0.9587585871109402,1.3096572251954397,0.03505697972087368,2.040335656340918,15.203792271667453,0
231.65852113608526,49.75310153917961,2.350762738428671,0.2872743045251452,0.9399035317642435,1.030789783382617,0.04199008033322134,0.5656218172477534,21.81151245062572,0
222.03786201745874,49.50831994222719,2.3007483778978433,0.027787644915410158,0.9748384349676231,2.954013908877887,0.045727433192427946,1.3020629181262766,11.467791053886025,0
234.46895635700002,49.50905416158037,2.7683619684540917,0.1839875054662137,0.9637688246895936,1.8688066380132196,0.012101103999043862,2.14215817013438,7.28478715829441,0
237.54940093308963,50.238723150726564,1.0412366620340356,0.07451287811094005,0.9214406482993165,1.3985406729336016,0.01354031640184863,0.7426793108396592,6.563157393571144,0
234.6546694957233,50.106731724717434,3.0186150057942394,0.024344753560871745,0.9951490710176787,1.9178810331936407,0.04192459169215124,2.4152709554869882,25.574595126044187,0
230.88507932227395,49.70028201786763,2.8503508235576236,0.2228644481003817,0.9737917393354025,2.8654210162655227,0.026072451208344005,0.20537615800073417,14.277823460753195,0
231.6889781951485,50.03833194325571,1.8065605431465805,0.11053467597497367,0.989534608915317,2.841533216926715,0.033323152376341786,2.362161080256999,16.358635576691377,0
224.96767217486416,50.205460830283485,2.282804001110012,0.13276365444442367,0.9649322324576882,2.260494438912316,0.04681403107344634,0.19201903982586277,25.61858093367519,0
228.87838909012754,49.52191332877501,1.903138233502939,0.15078937278903914,0.9056176077347439,1.5847662208243862,0.02455478646915826,2.781331886575282,7.63483045269513,0
228.19342106751986,50.15517371452434,1.7807097939556882,0.04784767876240748,0.9160462614271226,2.5288814561510087,0.0035245972821572324,0.5569401147037291,21.605484624724205,0
236.28251371182324,50.185134309874485,1.331295590233308,0.08675623388878495,0.9309806875322469,2.7633812236870163,0.012497847319881062,1.5450169791291692,18.388845371991813,0
227.0757831747287,50.32855559790608,3.3678785449590567,0.09233874950422369,0.9913788443873259,1.7137719503422204,0.047640750850125306,0.9802276260901225,13.860623719826371,0
238.82241625067348,50.376319433142314,1.3077038877507694,0.11781922298142486,0.9553371189749772,2.0112683068439177,0.025156623627577004,0.581589203810678,26.470419279203867,0
236.75816749703608,50.35876427934947,3.245067560997219,0.1317631803749152,0.9610546755015424,2.3538815659936745,0.008018270305987158,2.020936252424723,9.48133139348202,0
224.59196321507937,49.61755130015022,1.4958534704288722,0.0005976405657210803,0.971873961785353,2.3878991810203134,0.03662005245291896,1.5448000497397785,9.034070026384592,0
220.38257932874575,49.665748176965224,3.67256660494944,0.07246105251050453,0.9354271327217216,1.1671086750213795,0.00526727422406666,0.6670839142445109,17.98061426950513,0
224.90704628332423,49.55773215922512,2.173098607382196,0.07026101127790024,0.9219553923229802,2.215505366191305,0.04799314013567277,1.8489014577771723,18.9219610793024,0
228.57888666860288,50.040905003838084,3.0892894211083215,0.21064382885454883,0.9171693907705449,1.8315502070466438,0.02500563760383135,1.235874285102306,26.763174156734603,0
230.65008132831963,49.61539464217892,2.8169136679702342,0.03516117170407002,0.9337206575565752,2.2628378424367526,0.007142098240716594,2.0762209410731067,10.156302845903815,0
237.91349555237557,49.70431638339897,2.5234151918763374,0.1257814983498066,0.901812404104573,1.783718746376052,0.039637905678640645,0.20713771894379918,16.85637552442384,0
232.56852913229173,50.18863162930788,1.7598171505681452,0.0029936329975348117,0.9723443662354911,2.1213565898779,0.02678282996737893,2.5083531096217464,25.53470907251736,0
229.7018931995908,49.83362839583687,3.37467460777411,0.13538823390877647,0.9183442196403435,2.6866523355757663,0.04274870097807372,2.647679630317042,16.657743903504254,0
227.7565217983386,50.303537659462606,3.705322085638686,0.061041822749278746,0.9066973612025272,1.151399454619575,0.043867522656641934,1.1682148169366258,18.54402410668908,0
221.33129455828447,50.1483180074521,1.2223162677246013,0.1126406785399501,0.9803814545193447,2.9361316241015176,0.021673611637781722,2.991547061708851,18.976482123665054,0
224.40222651809506,49.85052053428616,2.1175998212786524,0.02061410331718829,0.9369574199426773,1.642324305271907,0.023211925986961247,2.168213256716414,21.4182371180402,0
220.16727363753714,49.717667399580534,2.9850528651995694,0.14519681045392413,0.9005313475668346,2.4175313104583083,0.04022473212159112,2.318428719871012,18.710479074839064,0
235.3303009906517,50.08371358773137,3.3458799314738776,0.22552409771875212,0.9803002071957837,1.1329266515525442,0.025900403320231243,0.420973554580545,21.778936834492217,0
234.84506374398174,49.66988100605074,1.5849255997008678,0.26712285516579853,0.9749977798452071,2.240947570103941,0.04541142443501615,2.276145963491762,19.928882649757547,0
237.78255847880018,50.07880675451194,2.897173972985162,0.04694301480108017,0.9473921220116103,2.308265474055747,0.03581985559790495,0.8128280949490962,10.056354513113373,0
224.83001255985667,49.7149126370364,2.2745525286042607,0.27235155416506024,0.9507059646738718,1.627653616448831,0.009396019040766153,0.23091500814262222,22.40390362844813,0
236.4366189317072,50.15951076864077,3.3887243516241057,0.08158381182553462,0.9692358922461058,1.7655975288727757,0.01320309923468594,2.8172054383508747,20.90935703833436,0
225.39023724584544,49.690926585071644,3.0839228766811835,0.06561468389937819,0.959530326592749,1.6490236003506842,0.013231751346267868,1.9859068343816058,25.37349321351348,0
235.21702661861565,49.68772240569225,1.265154840953556,0.20968464854621569,0.9368347213794351,2.5560504862893065,0.021617311320167365,0.0934472783801732,11.489411231876229,0
237.58371545202496,49.74339668321853,2.672011508719024,0.011693796198339124,0.9666847391305659,1.067352807748928,0.016151367287704693,2.6937575608729976,27.202954723350896,0
238.01921791380937,50.49615767349878,3.476246992371844,0.25346140432656866,0.924900873610909,1.6505812367234955,0.028835119942887816,0.20176774190210356,7.372948420541743,0
226.53278498851822,50.248183912048844,3.4199951590804494,0.25740698130216877,0.9997628297402157,2.997785224066581,0.012074824262843393,0.12105248057909912,15.27978794986465,0
220.4485177832411,49.86042682714149,3.351214753225709,0.16985420736752124,0.9312777989210355,1.260161339657894,0.032717100274635987,0.6960545409264322,5.359536151802126,0
232.47486169728018,50.26230262450096,1.1168140500629968,0.25113588834919565,0.9619526200036304,2.5287067728728547,0.02816976753563201,1.8738421443435946,26.6108311717091,0
231.61900759776358,50.49067915706576,3.270190501205704,0.13268814163534057,0.9707397000032928,2.173873013117814,0.019461523584589427,0.686626387450497,19.921296922193985,0
238.58279040030925,49.84190527810549,2.583032398665085,0.06349076957095835,0.9995631109498884,2.856364196227903,0.04905589539339679,1.948526789122342,25.110351491936836,0
231.86316438078936,49.5533479969889,2.3642930276579834,0.20243589065022316,0.9677531613883685,2.4302003225674,0.01865613092111918,2.8250759599740918,9.183925805919525,0
233.81767953101647,50.19713580589181,2.945916870306447,0.08258646403555804,0.9156206568686622,2.000718892431121,0.03179701634133555,1.797906348418313,9.483900257231024,0
229.10343983467314,50.167760591603155,3.512101239310452,0.050918528573076945,0.9019144867996837,2.4102782911411267,0.03895512931978934,1.8290922754578478,22.49098924055304,0
236.05621869649002,50.46092014692883,2.607805236556355,0.14654868979797162,0.940188719989073,2.676309949977285,0.007684552142210227,1.7178216986460673,11.92531310814947,0
231.66381608554195,50.09284018050811,2.06477398263103,0.015596805593312245,0.9031743765372989,2.842615024425951,0.021166757207659877,0.25369613429171356,20.17117388850348,0
237.65829633037444,50.15904541013223,1.633695494418793,0.2588990494076616,0.9886093435313208,2.761946011279315,0.009832679247647936,2.2122782573120316,12.162988723178074,0
239.94475799807205,49.53002600532939,3.6920975973727956,0.18678916007959742,0.9973382619164821,2.605280624705859,0.023250475876321383,2.5421637917141213,6.559851714956931,0
221.3403307550242,50.47534313347907,3.45092172181551,0.25576422637379115,0.9937965231433894,1.6705581001565915,0.004255174305989268,1.1567927775400002,6.775872226100053,0
224.58731554075345,49.96910721104758,1.8056865023609276,0.030293432045328327,0.9167491089094107,1.4215862031000572,0.007363778177604547,2.919230393736895,23.98231267296184,0
228.79480973015816,49.77836848166265,3.39487959162756,0.09787617541234403,0.9299383373705349,2.9355229305391237,0.01162529961039156,0.38903693467270606,11.41157652541915,0
233.4798841629146,49.56256484221945,1.6315208189960289,0.2427070920875029,0.9146921923583771,1.7106394969477754,0.01713225732612608,2.5939767655744204,8.873132778586067,0
229.69075990160022,49.802419511278536,2.6902250934515624,0.24114146714504253,0.9137148488152743,1.1654736712363798,0.029034954227714252,1.5165262811695919,8.60196965032999,0
225.47280835721543,49.98783431854401,1.2468169728311858,0.1378752171640869,0.930646346804282,2.247996971057965,0.04111906055926772,0.17093618099210484,15.465181872958249,0
234.50012152598237,50.07428757509021,3.001637011582543,0.23311478569552682,0.9862202973658188,1.916862848262876,0.015693774836123525,1.6140681160917087,26.002701960979998,0
237.79038622087526,49.87146726262438,1.5854995516559511,0.14681776122197662,0.9741641451836043,2.978902261930113,0.02462845353766488,1.4495425899410055,25.955760527045015,0
237.1958934962329,49.906804800951726,1.9846993170350182,0.13619697335990968,0.9762446958674869,1.7228075581343727,0.006300101393199715,0.5892576476160521,28.7861206415773,0
231.3545463586211,50.07931446666194,2.4688733861507344,0.19342357457304557,0.9229826725797619,1.3509832547627147,0.02763311338883741,1.1165197657406916,21.541681490729726,0
231.41754833678954,49.685270355383324,1.835929189345109,0.06561294009707497,0.9182837779868818,1.282447086746299,0.04128554757803335,0.857122702982671,28.178094546611234,0
231.42520939874194,49.64300112266572,2.1236447301387438,0.2393196790044642,0.936739072869707,2.939853050690382,0.004350860915139437,1.6703547327845638,26.12802128740087,0
223.50246280260706,50.172764614412465,1.6615127903069413,0.06546226036565167,0.9874071773305185,2.5918527742870046,0.012483447637011508,0.7897420395540335,5.016334769032489,0
235.8518962641827,50.12732893509068,3.250797291816527,0.04561457022734754,0.9458323594587575,2.7413380682510353,0.017560969367439044,0.28132957877104947,17.1532621303731,0
220.8011823810139,49.79146091349379,1.6226228086171104,0.07144399609970889,0.9908434551879375,2.841479300685271,0.02340345271171451,1.3988982388194564,24.014391061382057,0
229.745307082001,49.92998521412106,2.7907320716399684,0.2998673109751316,0.9769448894082047,1.3089844080098516,0.01989328515087136,2.482659156822141,9.267709082812004,0
224.08896744928546,49.84041155611426,2.5317422723786795,0.18453874216235994,0.9910605717214421,1.0609273726179203,0.025492700477522886,1.5038269338771881,6.256075245574554,0
231.02319923832744,49.93817861324835,3.517541184940896,0.04820387541355355,0.902497166211705,1.0698231053124476,0.022451938396506294,0.7124356702567725,6.240359333470936,0
222.23185999914494,50.108319500007774,1.8431492505006675,0.05204881510650661,0.9379751522919317,2.449196573695258,0.04007228881114769,1.1762807307137182,23.769241230276393,0
235.4554283933016,49.73693332490665,3.0321793896666183,0.1697344664522989,0.9929144717211688,1.2509725935983014,0.019366125898765702,0.19849556650332134,5.478887138781323,0
230.49471275322864,50.275244051834946,1.7032768000345442,0.10352512365397011,0.9030103872211319,2.6537171219455065,0.04807461622870561,2.0036037201024404,28.330127193982655,0
232.2292722245132,50.17849996829264,1.9526491007727653,0.254432770504689,0.9947161462900248,1.5309928148581446,0.04424275588480022,2.2172009278181175,11.93661699312385,0
239.26720640892074,49.51028449593569,3.1481499197264333,0.21187384876657864,0.9622689540949798,1.5632320842112635,0.04950544230434329,0.9356383072911757,13.499296594831204,0
228.85596273087475,49.761048526234845,2.0301601065329327,0.2503715370766883,0.9935484513527496,1.157878805893111,0.009286653600259282,1.1175267946603977,28.21576405288485,0
221.84721056222756,49.66279098920623,2.7856385023806243,0.04514168130179924,0.9968076381450733,1.1236169213784453,0.02233572636292602,1.5045538810504993,11.166465395135162,0
233.23827265274022,50.25117713695404,3.261604248129739,0.1733673338082265,0.9904359774993857,1.941920504869467,0.04087039236530547,2.2711443440958763,6.3901380420115155,0
224.24894554390946,50.16352359391345,2.2335924666476377,0.12072187778979351,0.9884586888229614,1.0137559244392986,0.04477814240659194,2.7275257921607574,12.846951912875682,0
225.4326636254874,49.69060983307445,1.5538973720421076,0.1026322862590782,0.9429957619779822,2.3821116254785233,0.04154745855275342,0.3596732804181363,23.373146184872354,0
225.75890685351985,49.992819584532825,1.899826209331068,0.17882458657149178,0.9433843922855244,2.0629098283786105,0.008220276453943937,0.34974922366709016,18.667392051803255,0
226.8791537311537,50.23300010722262,2.975984064819301,0.27946647429284427,0.9820981017299141,2.8048260665722067,0.02833026294527315,1.971091494702322,27.459661664600873,0
226.53589411715555,49.5108110836352,3.4796532225743926,0.24029421012100946,0.9104454518100151,1.7990375691738696,0.028842869056635013,1.3919450945006622,7.967727387727787,0
224.2939177492671,49.56723418009056,2.7845421385057287,0.2216600031399098,0.9032443446047187,2.961136454121447,0.03293588193635111,1.5968756278543634,7.581625221876211,0
231.3594859463216,49.79635761351329,3.8149471859539483,0.24562206884521523,0.9983567206513663,1.3450477538927241,0.0129835419475207,2.9091708983939313,15.780846744788947,0
221.00699053938706,49.552765257859605,3.076033767839964,0.13737869833020835,0.9226521626036106,1.6950375906275092,0.030698515316261634,0.7585743547503335,19.440793858610565,0
236.4710445322364,50.32069616076678,2.432051194367204,0.10524573280050467,0.9362559796559095,1.7184174939653807,0.0402857262834109,0.984538448392836,10.22648434267115,0
229.33386241768818,49.98213209891984,3.5227261312087217,0.06637160893381919,0.93809912736684,1.1693766837506137,0.04042028694468455,2.4708708322469204,14.615276899469205,0
226.06571781698565,50.43255487841931,1.3559312972247408,0.280124826900441,0.9683866451835343,1.9182480465733618,0.02657860763433656,0.09797718235348762,16.88990479555021,0
223.22437623950245,50.156409603500656,3.913452722104857,0.16865664331935754,0.9714753276443946,1.8154962100054646,0.003422522628300839,1.2530009874509842,7.908962129112397,0
238.76964316428308,50.16177773247164,1.2304091449432646,0.10639986149552484,0.9550663379440851,2.225591671073021,0.020160387806662614,2.500932031425517,25.36677511774973,0
227.4691589026541,49.75533637376324,1.317622954639388,0.1064693050459662,0.941317251720772,2.2236620402064426,0.03379114625520368,1.9744794728927204,6.752703491031424,0
223.63557734434724,49.6568127053168,3.4819064492117375,0.012574565014877259,0.9419182875902121,1.7905186308623156,0.00841018278832591,2.637990647035422,18.92601283187588,0
230.04854574332754,50.23148635970312,3.874354026758301,0.06613380127362568,0.9886181772129345,1.462761272753696,0.046715205708374515,2.749261633596199,20.88535892154775,0
228.06421266367644,50.25239788230379,2.593882055052796,0.20323142136848835,0.9428457903848796,2.2596413088694156,0.03657482320215696,2.4734145528136473,8.660906415070404,0
230.80593063580613,50.344665909090224,2.293905119023044,0.1137121456149105,0.9915060732517222,2.665859431148456,0.012558463377420066,2.5326369758584293,17.1005143127351,0
226.1693656297897,50.073042200619014,1.975633588828634,0.011780824272495693,0.9271998605344356,2.0281908851025197,0.00031895217032953396,2.93506436117057,29.143680245493687,0
234.56741708679291,49.84580609841043,3.013279471257928,0.2416290129137937,0.9946756244692241,1.79031059494461,0.020010613792483603,2.349893948868143,11.64821126580297,0
220.51539197528703,50.103528806501124,2.9785179449539814,0.20641366712223866,0.9120387578789089,2.980664607587297,0.04692648917365652,0.5435498371502484,20.568835080996028,0
226.14432834042543,50.04645854172812,2.2515802556937294,0.048067680292951886,0.9170936402420848,1.44535215824617,0.020907239408139985,2.2718489348265023,27.449116171194714,0
227.86207815118803,49.60024556372288,1.0497774418977937,0.19851560479318697,0.9602449441966587,1.1682553245187657,0.00815095569074431,0.7014384992791923,5.592693841112959,0
239.49381192097104,49.63545953679469,1.6944256412958945,0.2605228571840802,0.9926463797956184,2.6698944113888077,0.020981369140340517,0.15186741680722238,5.9847958423204854,0
227.8579021778636,49.528652427577654,2.7497571769376705,0.0033907609767067416,0.9787371958149274,2.147899732138021,0.01532164113516858,0.1207740090276963,19.708805524578835,0
239.476008267143,50.0441986625037,1.8257175431110249,0.2128316593901924,0.9271492002542712,1.7953688288661094,0.04521216457037826,1.1241659115221294,18.74671406940513,0
228.5224247590446,50.332363539660996,3.416946416090026,0.06729556765605788,0.9226079071010563,1.1011462076484577,0.04086526561066184,2.7911952605079766,7.384023031825089,0
226.74908557928458,50.37068845545744,1.2505747440400563,0.06333778276741121,0.9752468337586494,1.9001172788524505,0.0025646924490607794,1.477606142142868,16.052675866993,0
227.89144630637847,50.02994058693023,1.4841020751651492,0.17159876348507783,0.9805432329299987,1.6688023579774973,0.03800804648950795,0.46169971408132104,8.731236743536847,0
227.22149452682075,49.90845558140848,3.039091650500036,0.01700412964975062,0.9034672704226067,1.5363487354898266,0.01959552814719545,2.0914910764139414,9.835883573912064,0
225.19656275880598,50.386086108813515,3.6870698327998497,0.08918616128439795,0.922999375396324,2.283008962512503,0.020565198603311564,0.7215947555404462,21.80959608229259,0
233.46184261822435,50.32435044724935,2.1909764866224224,0.04689509121265826,0.9737950947397592,2.652129369096571,0.018023725257077693,2.0138124756873976,11.766098549544141,0
239.85163590975526,49.6562015079306,3.9652629818904432,0.29318397976993416,0.979381810390804,1.1624592696133453,0.03297114810409988,1.7334211507532542,26.652538634445868,0
229.35362424969753,50.1193899693665,2.2335714276084735,0.1282459362270804,0.9330284667502085,1.5788790432389759,0.028211590834226804,2.551723584045348,10.038209450157822,0
233.7817530749646,50.32327321268003,2.668572077890035,0.23385501042721904,0.9016200397339468,2.868866077506883,0.04091902123897676,0.12041657725609956,27.24783440907156,0
225.88134924353557,49.71031855628579,3.296090091574122,0.07590790227607597,0.9865562383172204,2.983925494477287,0.005142129607873836,0.3778655891380748,29.478788877515388,0
236.93774448857906,49.82432937735152,3.0294512485618132,0.17827254819257915,0.9603150120122947,2.347677796540009,0.03412662297688608,1.7260775193872957,15.726559232566649,0
235.37162661826403,49.726272430003185,3.0770629184632425,0.069999846794798,0.9625330169954454,1.5518453887610937,0.03735391335645145,0.6561416667196176,6.4985825215327075,0
232.1199393454205,50.34944640622574,1.134990463706273,0.22024537771249386,0.9341318645950052,1.2619474859883482,0.023926418495976126,2.786578649536697,13.299287618396137,0
220.27364829521363,49.58159872000484,1.775774773404352,0.00835567224632232,0.9631375326048252,1.930673867878972,0.021319917840081127,1.644435608184066,9.366179647408238,0
233.2764894970545,50.4653027236304,1.1512503208066276,0.2671152962565798,0.9576881201311208,1.5918640588732322,0.02819597833778119,1.500835605623281,6.734852147604585,0
232.01824011318172,49.84095857143556,3.751804199733042,0.12197716120784168,0.9143281458702641,1.1797537034723213,0.0357359416751018,0.8800602643230295,18.13675768389733,0
238.00528222404142,50.292191194801674,3.029083203618172,0.20388995471854307,0.9945924644032087,2.39566557101034,0.014791204874826804,0.0033362825885622227,11.798863984954966,0
233.23669170227996,50.133711599765526,2.7803841481141713,0.00487303296283611,0.9728778054450647,1.435782759253488,0.016176520624274576,1.9951679670198934,18.914460712553833,0
222.69152534208214,49.59441889766048,3.4945549993366707,0.2755192626244674,0.9649788046764299,1.6854618508558143,0.005171705743024169,1.2060816506647223,23.223480002628932,0
222.36437244582177,49.50003071884538,3.136411137641815,0.10697885279586168,0.9254481331618261,2.5596417680201364,0.000644873489476272,1.620898220284499,26.278768385649542,0
231.31489901226578,50.014461327739895,1.2551691564677232,0.16466184046277993,0.9379979078965395,2.915263292545176,0.03035676404417885,1.16617904362964,11.00747808625917,0
226.29836889177793,49.59664483428775,1.5306908524719518,0.2962008475738638,0.9444103556906619,1.189930550456753,0.026593588325250828,2.620855586211646,29.889222512267196,0
236.24947642088344,49.826941024336676,1.9172318723418733,0.12081111629836805,0.967250726267365,2.1654288986893633,0.03410958446275494,0.9457183039483524,8.330248103415716,0
222.56651724377528,50.07849250822933,3.080266384168927,0.21018344891833549,0.9753472110659597,2.264792512931017,0.04364297107828323,1.4998769758943653,23.25622973823928,0
223.73279879595364,49.52568964486941,1.8536241570308012,0.13291011190128582,0.9617105944428657,2.2383454707316734,0.042497966525160275,0.5887371501184969,8.138744747461928,0
222.16089118752814,49.97849107010719,2.7566911863799057,0.16241232627223148,0.9086032157032944,2.926959894948655,0.0028513457001809687,0.316450282383107,19.639692096815313,0
224.67481584073488,50.13777414184559,3.460202506166948,0.01247368795397813,0.9498129943548043,2.088689775268642,0.03446552060513452,0.7569357812090612,12.694272632328728,0
237.95870586887474,50.3099244203029,2.7493906572987505,0.21906651532717475,0.9364822470207799,2.227275805978768,0.03204827640493789,1.398544773382671,9.748403411439023,0
231.12929274697643,49.85862158195359,3.734017570235892,0.00628023534801998,0.9315773151249496,2.403476547754514,0.0028440698888823283,2.2995819486648816,22.552686352844816,0
233.51325804414145,49.89593722619595,3.268761374267303,0.1362550988210118,0.9412279727831666,1.662704437472634,0.04673649577441505,0.7526372996721007,8.011183499914136,0
239.38643624568357,49.877839213727185,1.1861102908863446,0.10179158019287023,0.9505931654319558,2.1690862265189166,0.008096150331610685,1.9743066541694763,29.943734725255016,0
227.09457113460425,49.900704166834466,1.3454385351856035,0.26498208042786714,0.9414825655521352,1.9034789519628876,0.01936372057124207,1.979070818791423,16.05083552327809,0
221.22892580261575,50.31372334372223,3.8215118586382077,0.19462961584781577,0.9954565928858811,2.2964669376156923,0.007571615718498165,1.432248568441061,20.04516834863618,0
228.02923558178085,49.83808440936626,1.3804720676512563,0.11752273516868345,0.9162660815105486,2.1634732948423734,0.03671828382461092,0.6264928064837699,6.464132632113346,0
231.90459465438803,50.37191306128051,2.7309448372530456,0.10364425611703372,0.980301188152632,2.1047322756344684,0.027013944659371056,0.23784085389357523,19.146264007831167,0
227.9262525099644,49.7963258018998,1.4304083710540603,0.0454336565806072,0.9432771484341819,2.8160370908433245,0.02978399120807648,0.24184621550880525,28.489214725629143,0
231.73247836567324,50.32843867093899,1.2405602704363399,0.14305166331993732,0.9630093126861663,2.510267234890392,0.041432645305914464,2.3504086801478032,11.92673124283499,0
222.4869168286174,50.37513361862115,3.9128207488138558,0.05314605696678767,0.9722066064203785,2.881760339118409,0.0020142759388999234,1.2162684754174649,17.90708247994185,0
238.7187449649712,50.172250687294195,2.443833853657711,0.24290251087976678,0.9950532820954409,2.1612904518192684,0.0011033074341145423,2.947563816768116,7.153303476592008,0
225.60669505102825,49.63217965775387,2.3195669191415047,0.19318697383428404,0.9380951845023475,2.6287735585375227,0.002728270414134948,1.7983834189761498,27.560081902766868,0
224.32665555261653,49.94257734593282,1.1450881331463427,0.24614627534408243,0.9826340810950187,1.7664307318945034,0.029400023171481424,1.0593086668151686,24.994584111144583,0
236.5186461710003,50.13145879258302,3.353216419638392,0.179568897965328,0.9414141068215667,2.1093740495767346,0.04789729299630688,1.6233414746365342,20.12723796351346,0
232.51301578854554,50.07160764948294,1.5545151938410748,0.017876129205943114,0.9604359319714771,1.4409752788294985,0.03818461346751603,1.5702041127660247,10.669315632991143,0
221.60211453219205,49.94183370480196,1.4901002751952606,0.055337715317965004,0.9202293949158203,2.3330439533860696,0.019335352852198895,0.15345061686119288,14.944836023227454,0
229.6658856993265,49.88278410040304,3.5174398242122575,0.04359800772615123,0.9505696743781374,2.0234148942294015,0.003102070847827715,0.21346703663372923,19.34664624192741,0
237.56067025688913,50.057873675660076,3.8793730612145505,0.01460845451997893,0.9098007684780741,2.132036849775642,0.0022032930785190695,0.5558305510006201,18.531752773541953,0
220.91170315897338,50.4459708898456,3.526496129951143,0.08898374464712794,0.9077187530226468,2.291144362854856,0.008494353660952863,0.380833241264918,8.082094482473671,0
224.916948849868,49.858139716529145,3.9685160001529676,0.20529427467760342,0.9948980667047002,2.0371233773314676,0.00712782775165578,1.1464184244977078,18.868295082058857,0
220.08374887255917,50.17043433379692,2.925458550404306,0.12323664299988352,0.9489644076032033,1.153516123777476,0.02077215002960448,0.07201513453466657,13.384290155436561,0
221.96848378202736,50.45672043388935,2.798079175126497,0.21859688527098078,0.9315363743266117,1.3541645107945797,0.019657356474700762,0.7107719816901704,7.424141774135618,0
235.95028090592973,50.177545805183776,2.6407866279564307,0.14252696186003042,0.9922434283656124,1.3580632748831676,0.0036367473889334203,0.8418024397137479,13.74844633926785,0
239.85029240323942,49.740670514757156,3.622922002411242,0.24918682812953738,0.9224657397641767,2.5648516244255757,0.01996662900996113,1.2290186078775573,29.45551671316396,0
235.98315942209564,49.83419271417311,3.192611037328481,0.12600330128869885,0.957835976311654,1.3617838027577966,0.04163058866630656,2.4124966949516526,26.660579588492503,0
233.8410110607949,49.63998737672176,2.247455704055233,0.16457652451640653,0.940273948474683,1.119234650689318,0.025980583790150377,2.9895789263958576,8.380432842821367,0
227.9200193277123,49.63300979890733,1.4762102901229286,0.28478193187368506,0.9879601496711762,2.350912090672851,0.045352098020751096,2.9745983274821595,10.207884750212948,0
233.38438059849733,49.98380253986065,2.2551686001350006,0.10734337480067792,0.9593780631943453,1.7108786747281235,0.028779671432004102,0.48437350219272024,16.793495937960977,0
231.40573877462782,49.71010719291235,3.2268141767568603,0.00755972844632089,0.9354831855543163,2.1069435524196996,0.03901063242678168,1.6916787631662071,11.529060812771506,0
231.34781888312148,50.29624360945639,3.20507555856947,0.18303237661087038,0.9488177675310814,2.3899062386860956,0.006659106283376171,0.7839990536561513,15.477486822927132,0
